MOS,PSNRY,PSNRCb,PSNRCr,SSIMY,SSIMCb,SSIMCr
84.48704558246297,31.9829,38.7619,37.105,14.2104,10.8193,9.58122
75.90974502322797,31.3304,41.2088,41.3944,9.57727,14.8034,15.1588
31.009138350701278,22.857,33.0385,32.2112,5.96265,7.726489999999999,8.43639
25.602052035022613,23.6199,34.3277,35.0867,6.28779,8.12001,8.4581
30.770785829134297,22.2801,32.9662,32.0875,5.49594,7.69572,8.380939999999999
46.421268079854,27.8862,37.3593,36.7257,9.11379,9.80448,9.09784
60.62332443324864,26.5409,38.2364,40.5742,7.344310000000001,10.1077,12.4533
56.57740139502776,28.1259,37.6712,37.8539,8.020560000000001,10.1552,10.2122
65.19704818879804,34.477,43.2062,43.4654,11.08,14.8325,15.0071
53.315903875941785,25.3887,37.6371,36.5806,7.63192,10.1773,10.0162
54.320509350960606,28.4873,37.3526,38.7627,8.03461,10.5768,11.9823
87.30791645717146,35.2024,42.2929,42.0872,15.4786,14.3977,14.2644
34.768926213660976,24.2133,36.9405,39.8238,5.44325,9.45707,12.2414
70.60775081940452,32.6563,39.3624,38.4199,13.1172,12.7106,12.102
96.11093785713643,43.7228,48.4871,48.6528,19.3724,18.9653,19.0962
77.53884213691616,31.0743,38.2615,37.1495,10.7071,11.1139,9.80127
64.40033087994142,29.7971,38.913000000000004,38.8905,9.413260000000001,11.1215,10.9561
88.28543321369112,41.7882,46.0287,45.6196,19.8302,17.1248,16.1587
51.5982788266637,29.4339,38.7289,38.4743,6.7366399999999995,10.9838,11.3336
29.050913385739012,24.2792,33.2833,32.996,5.10424,7.567760000000001,7.4124
36.35506408279645,22.5981,35.7659,35.2161,5.67747,9.2241,9.05012
24.79914928296861,19.1975,30.9274,32.8379,3.7578099999999997,5.44687,6.3449800000000005
76.74121252643141,35.4783,45.0344,46.6272,11.7802,16.2371,17.6799
23.713253333105484,25.0353,35.0246,34.6044,4.64102,10.789000000000001,11.0725
47.21436354888277,25.0336,37.3163,36.5742,7.29908,10.0417,10.0108
91.38648829669908,36.5796,41.6632,39.9877,18.3426,13.6627,12.4382
74.14575096308918,33.6228,44.297,45.54,10.2513,15.8048,17.0319
34.14242582475859,29.1793,39.3666,40.0667,7.39657,11.8368,13.0071
73.03963160632303,32.8313,43.6484,41.4255,9.49676,15.2629,13.4725
24.21887152351221,25.5074,36.052,37.6626,5.6896,9.65118,11.2607
56.303746488448546,24.9632,33.8519,34.6125,8.77068,7.404,7.12338
45.82575344814142,31.4743,43.754,38.199,8.04857,15.4931,11.4399
32.30322017924741,25.4906,39.604,39.8795,4.9217,12.0888,12.8714
28.38029272307661,20.7802,30.9364,33.2049,5.71263,5.615419999999999,7.02985
25.854358466258613,22.9197,34.2752,34.5844,5.84317,8.10482,8.37398
26.90825798863935,22.7402,31.764,33.2453,4.17286,6.42635,7.436139999999999
51.91105309189437,29.313000000000002,38.7164,38.4431,6.638539999999999,10.9778,11.3029
22.67488451633743,22.5951,31.7578,33.2452,4.03296,6.4230599999999995,7.4354
86.49892189634943,39.2269,46.4017,46.7249,13.765,18.2518,18.3916
79.47692621057374,33.9162,43.5881,43.823,11.264000000000001,14.5677,14.7423
48.98861478662013,29.245,41.5028,38.2822,6.94407,13.6598,11.4476
37.52402807163843,29.8105,39.4438,41.2202,8.23221,12.5088,14.1357
53.96025718365386,32.0911,41.8029,42.4294,10.1763,14.4445,15.1109
58.71597423316732,30.2546,38.1165,35.8165,11.4598,11.892000000000001,10.1726
94.34853034780909,48.0795,49.2008,50.9207,22.0678,19.5641,21.2535
89.89070591904911,46.6653,49.6863,49.567,19.9053,20.1432,19.7886
36.62320763598991,22.0422,33.4955,32.3889,5.16518,6.649839999999999,5.75566
78.54290480155345,34.859,41.5158,39.8664,13.925999999999998,14.5948,13.4169
93.67924825344444,44.0682,49.4103,49.1514,16.4729,19.9003,19.445
69.92478853422514,32.2327,39.4162,41.0738,11.5626,11.1091,12.2116
17.01726629211349,20.6659,31.4584,30.6542,4.08574,7.037719999999999,7.81117
75.17337623240736,36.6607,44.7536,45.4035,12.1077,17.0388,17.5665
94.09032554458929,46.6999,50.7884,50.7843,20.5067,21.0871,20.8547
19.878717262952012,22.1446,35.8758,38.8513,3.95245,8.99169,11.8996
47.91017005950607,28.1987,39.5429,41.2291,8.3368,11.9743,14.2121
88.9647223917169,41.9587,48.8526,45.9639,16.474,19.2026,18.2531
87.4766557602133,42.7106,45.8015,44.6009,20.5226,17.6922,16.3257
69.42929823145927,28.6638,38.5007,38.6927,10.0293,11.3718,11.8819
20.83256324041554,25.0161,33.7262,32.3179,6.4869699999999995,9.54298,8.18789
79.43301525278656,33.7397,41.6498,41.8466,10.3242,13.2492,13.73
55.25488974640422,28.9384,39.1528,38.6912,7.6196399999999995,13.4015,13.4734
88.66094566338724,41.5074,46.31399999999999,45.8074,18.6185,18.0973,17.104
57.630679639249294,33.2439,42.1072,42.4756,9.538730000000001,15.2999,15.818
81.43688036000711,38.7012,45.2695,44.2262,13.0579,17.0862,16.6019
23.764670036264963,19.6604,30.5451,33.0372,4.59485,5.36015,6.97262
33.95582163737457,25.6484,39.6612,39.8814,5.0389,12.142000000000001,12.8725
88.67529005631745,41.2513,48.3005,45.9782,17.0589,19.0205,17.167
51.27554456188339,29.6333,41.2031,41.27,7.76001,12.7494,13.152999999999999
63.348667594766724,33.4796,42.9809,43.6691,11.2926,14.655999999999999,15.0593
69.75119489511371,32.1032,39.4143,41.065,11.4821,11.1075,12.2078
67.74432018587663,36.2009,43.0598,41.5237,11.5658,15.5867,14.6253
57.461441029236056,29.0112,35.9372,37.4383,8.87313,8.85373,9.77764
49.81109057530712,31.802,43.8508,38.2398,8.32409,15.542,11.4634
89.76526901435827,41.5032,47.8922,47.1267,14.8818,19.0858,18.7071
93.27562763003515,45.5146,49.271,49.1731,20.2428,19.565,19.3923
89.91179559667948,45.2393,49.3585,49.1131,17.8093,19.9804,19.4788
53.31763781738203,27.8298,37.6682,37.6489,7.7995399999999995,10.1496,10.0059
92.44254001906583,47.8693,50.6737,50.0301,20.7488,22.0437,21.8749
51.3838433260927,29.5757,41.0217,41.2625,7.72277,12.7248,13.1435
20.15252073114748,18.521,30.5563,32.1179,3.19104,5.37012,6.24849
56.338611003254535,29.8854,37.6873,36.0716,10.5123,11.7276,10.4756
64.26264100538673,34.4378,43.0182,43.4458,11.0557,14.6365,14.9973
84.17817439601897,33.1613,37.3656,38.2799,15.849,11.4272,10.6722
87.43507383777593,37.7985,44.0246,45.5665,14.307,15.1384,16.8253
87.19726747152092,43.4805,48.1231,48.8864,16.5319,18.7979,19.2979
32.90954825831086,22.1699,33.6542,33.4559,4.48191,8.41055,8.83968
53.07985102813093,31.0367,41.7945,42.3291,9.57681,13.8984,14.2023
59.661519073382216,30.6299,42.7341,44.5562,7.540189999999999,14.8043,16.563
8.627539679570958,20.6409,33.9328,35.6753,2.85384,8.58687,11.1545
41.44090186620557,30.7853,39.7749,40.2255,7.88143,14.0013,14.5394
47.845370746778,27.4677,36.0094,34.1701,8.53098,10.7226,9.22515
74.27607996111264,31.4645,37.0254,38.6003,10.7959,9.81663,10.5209
89.28728704080366,36.4807,44.67,44.6564,14.085999999999999,17.0993,17.2896
25.04173589954206,29.0283,36.3939,35.2578,7.34883,11.8865,11.1268
84.75717667338344,32.1496,40.6983,40.4193,12.9562,13.1992,13.0607
57.502930581832,32.0593,41.4121,42.0084,9.42854,13.2967,14.1049
77.4612151674021,27.0765,34.9578,35.6499,10.8026,8.3491,7.927739999999999
59.95014891010257,25.076,36.1473,35.821999999999996,6.89475,9.79163,10.0415
15.08621542564407,23.1191,32.7694,31.7682,3.3016699999999997,9.39684,9.37684
66.18935305214228,30.4761,42.0326,42.103,8.90649,13.682,14.0768
39.38661642448113,25.6559,37.9032,38.5867,6.61619,11.0622,13.0357
43.673252235187206,28.1656,39.0333,39.8914,7.462280000000001,12.6756,13.7589
93.84680769944595,41.5422,48.1102,48.3385,14.6277,18.8398,18.8204
56.00229725205426,24.691999999999997,34.7384,33.1761,7.643689999999999,7.377739999999999,6.16381
55.22361905119054,29.2191,38.294000000000004,39.8227,9.07506,10.3422,11.4935
34.54801018657716,27.0084,36.7696,36.8673,4.72901,9.90451,10.4881
43.83876111509954,26.551,37.1443,36.116,5.809019999999999,12.1925,11.970999999999998
88.53026151256205,38.407,42.8544,41.4734,17.7914,15.3791,14.5684
66.88820401886957,31.1247,41.8198,42.2075,8.73665,13.2112,13.707
94.67400919066358,36.0047,42.4755,42.6215,13.9156,14.3811,14.3297
37.251188217369396,24.8094,35.4326,35.8933,5.19614,8.51472,8.915939999999999
31.468758900839518,27.0509,38.0426,38.3243,5.87197,11.1376,12.3209
18.59938045223413,22.3994,33.5663,33.8856,3.06221,7.7984800000000005,8.31601
28.549271447027067,21.0935,35.1225,34.3156,4.65634,8.971589999999999,8.577810000000001
37.41996391927342,29.9725,37.4793,36.5352,7.89924,12.536,11.7675
41.24619579939064,23.7743,31.8443,31.2137,6.68058,8.577869999999999,7.4687600000000005
87.8417178042897,37.257,45.177,45.1652,14.1956,16.2438,16.093
50.026916367276584,21.6575,32.1325,33.5277,6.09848,6.13274,6.559239999999999
72.87708737473201,31.97,41.3737,42.4582,10.8554,13.0964,14.727
68.82937561591379,29.3725,36.1936,36.7027,10.9592,9.658999999999999,10.7588
46.718016301495155,23.663,32.3145,34.3004,8.4982,6.64076,7.557860000000001
46.82480563039922,25.8215,34.4155,34.4597,6.28726,8.20733,8.1181
37.078828666574324,26.9313,39.9922,40.6054,6.33957,12.9108,13.4302
49.81340364458701,26.3777,34.8523,33.9699,8.37111,8.68672,9.31893
77.78253569002003,28.4394,36.6627,34.9034,11.2065,8.919310000000001,7.517189999999999
14.981933069836456,23.8184,37.6977,34.6685,3.5171,11.915999999999999,9.745289999999999
80.08524834877751,35.3111,43.1939,44.5543,12.3119,14.6348,16.0966
91.94048396669335,39.948,45.9948,46.2656,15.7532,16.5614,16.8466
14.514371189812962,19.8804,34.855,37.6201,2.22226,8.6305,11.7607
72.08606660845314,31.4496,38.6221,37.9654,11.8836,10.7484,9.98582
20.1215793785763,21.7882,31.4126,31.3503,3.41569,6.807930000000001,6.90981
42.61184331141561,25.6555,33.8959,35.8814,6.29749,7.570819999999999,8.74024
14.77185241401274,25.3216,35.0661,35.2214,3.55714,9.28465,9.85012
14.00419454721515,22.2497,30.5353,29.5231,4.60805,8.14632,7.112
59.64770084881047,27.5629,36.2552,35.6389,7.733,9.53153,8.78324
93.08306033015259,41.8258,48.2013,48.0943,15.9138,18.8758,18.6111
85.11511067914691,37.36,45.4948,45.3368,13.0042,16.910999999999998,16.7942
70.08142763362137,31.3914,39.9046,39.7417,8.427439999999999,11.8048,12.1476
21.84298319110012,26.6164,38.7176,32.6323,4.68237,12.8345,7.583139999999999
63.21695310408304,27.5366,34.3147,35.9248,11.6567,8.41342,8.61779
35.794363972073626,28.9539,37.7642,38.2427,6.52364,12.8829,13.7567
28.215742296406827,22.3847,34.2708,34.5827,5.34855,8.09995,8.37312
94.93052194379614,38.1447,47.2696,43.1709,13.3698,17.8316,15.7153
37.26431791109889,26.2471,36.4996,37.711999999999996,6.34994,10.0138,11.3114
53.67385031090208,33.8103,41.1849,39.8052,10.0444,14.4106,13.5858
90.52825431135014,39.66,43.7434,42.7224,17.9576,15.2927,14.1085
94.99604674403858,35.1606,42.7128,42.3522,14.8932,13.9968,14.1747
31.63146984617879,24.1708,35.6679,38.3768,4.73797,8.844430000000001,11.2371
8.91686991731184,17.2492,29.3771,31.7674,2.36829,4.87792,6.823169999999999
24.238456615827843,24.3027,37.7096,38.0774,4.56338,11.0194,11.6502
58.96823290215311,32.2924,41.0039,42.643,9.86581,13.3446,15.0425
87.69977338346267,34.5086,39.0698,39.2208,14.9329,11.9304,12.2765
51.53179447938844,27.1095,35.1372,34.0507,9.050189999999999,9.99434,9.003219999999999
73.33459191787523,31.7783,39.1926,41.1429,10.5574,12.1668,13.6017
92.79469326968935,39.4427,45.5177,46.7706,14.6389,16.5567,17.5912
94.45563484812496,40.2795,45.6692,45.1986,15.4633,16.757,16.5193
23.933269085000067,24.2756,38.47,38.6011,3.89696,11.7453,12.4359
92.307653208183,35.6539,44.0611,44.5082,13.2403,15.1445,15.6971
26.689927869408226,23.7498,35.1243,36.4248,4.360530000000001,9.180539999999999,10.6714
87.88332273137077,30.8462,37.1909,36.9251,14.0726,10.3995,8.951039999999999
89.8607360827962,30.9633,40.1465,42.1894,11.4793,11.5582,13.3748
32.036796004125875,20.2908,33.0399,32.0054,3.39805,6.5079199999999995,5.52393
27.75090844308885,27.8876,40.8559,42.9924,5.17384,14.0027,16.0021
29.160137095653877,27.7062,36.9171,39.72,7.0721,11.4253,13.6237
35.27414782860356,26.6898,39.8601,36.931,5.21482,12.8462,10.707
68.72248600758152,29.686,40.1351,39.1396,10.6964,11.9267,11.7441
17.267102210715947,19.4877,31.3824,31.0434,2.41392,7.54666,7.942010000000001
44.47999480661784,29.6019,42.1961,35.5097,6.55176,14.5807,9.41287
29.119683676701737,26.0418,39.0868,40.0432,5.84467,12.6639,13.3062
47.075645426086034,30.8392,38.4679,34.1739,8.00238,12.0468,8.23118
66.71680195405156,29.8147,36.8051,36.9384,11.8314,9.379760000000001,9.23048
12.173255033807607,23.590999999999998,29.91,31.2139,6.0488800000000005,6.599,7.505139999999999
85.65522469966089,34.8866,44.1531,46.1356,12.2683,15.5799,17.3571
40.25967568650536,27.4088,33.6884,33.4069,7.151260000000001,9.87828,10.2128
46.048665239487065,28.8448,36.3487,37.3433,8.1202,10.9496,12.4381
100.19460686876396,43.3744,46.168,47.7745,19.8312,17.4927,18.3513
95.67314387930504,41.4199,40.5206,39.5208,21.0052,14.0616,13.338
58.63269887060621,30.0816,40.2658,38.0858,8.97058,12.8734,11.1648
52.197489152836845,23.7166,34.9811,37.8205,6.318630000000001,8.35458,11.2164
95.50483111851965,44.59,44.8306,47.8906,19.934,15.8557,18.6831
52.71412828243601,29.5263,33.5573,32.3893,9.9714,8.79175,7.837269999999999
49.8767536520384,27.6414,35.2914,35.7653,9.795869999999999,8.55669,8.67905
20.04055210993495,24.7797,32.1595,33.760999999999996,5.88629,7.85589,9.742280000000001
87.43505386910775,38.2654,43.2966,44.0638,14.5285,16.36,16.9436
64.5843653710985,32.7017,39.4531,41.8571,11.4523,12.4077,14.5203
65.68460532891328,25.2945,32.1479,34.4286,10.6752,6.55657,7.6413
36.309270530101145,22.6788,29.6492,30.2634,5.348730000000001,6.73769,7.75623
93.39862305196483,45.9849,48.4991,49.9038,21.0993,18.8135,19.8839
66.505741284764,34.8231,38.5266,38.3122,11.0381,12.276,12.2895
57.385277923758885,28.5167,36.2016,38.0565,9.38434,9.05908,10.9324
24.70709363900202,25.6716,31.1412,31.5896,5.55898,8.63326,9.3477
27.94249809517541,20.6871,29.3002,30.6472,5.68153,5.07052,6.00265
35.373611024991604,27.5431,35.5292,34.4535,6.505380000000001,10.7656,9.281260000000001
81.97142040773828,36.5491,43.0617,43.7335,13.6854,14.6002,15.424000000000001
49.59879233800603,24.9096,32.1424,31.9002,8.41082,7.32207,8.37857
87.34589372179909,37.2439,42.5819,45.3708,14.8285,14.3545,16.6884
40.12603477016594,23.2596,30.7482,30.4347,6.7932,6.812139999999999,7.876469999999999
58.520947537804226,24.9618,35.3475,34.7671,8.4741,8.94801,8.77023
61.811229406079576,29.0933,38.4606,38.7209,8.472660000000001,11.0433,11.4609
65.56060241176864,25.8499,34.0327,33.0272,9.47846,6.96041,6.12993
27.185578507777308,23.2528,29.075,30.2446,5.002619999999999,5.5140199999999995,6.88731
51.4718427462068,28.9751,38.2662,36.8181,7.88058,12.0266,10.425
67.245436972882,28.6882,34.2234,34.3639,9.3073,8.04642,7.97657
42.91142366087745,28.2674,34.5721,35.0642,6.36378,8.78727,9.54536
71.05500439472776,31.2354,37.8816,38.2567,9.1684,10.3734,11.1882
89.77369635247138,32.4246,37.2821,35.8138,15.690999999999999,9.41333,8.26623
66.75951936521764,28.4196,33.6025,35.9161,9.879380000000001,7.39902,8.78486
67.99013358729741,28.1687,36.23,37.8961,9.28777,9.690430000000001,11.2712
102.64001501640959,40.9113,45.4741,46.3816,17.8565,16.1944,17.0669
89.44586846050656,38.1794,41.5595,42.54600000000001,16.8351,13.6488,14.2445
66.41446233827064,26.2153,34.2443,33.2541,9.84497,7.077489999999999,6.25599
54.1709865247239,22.8339,31.226,32.6064,7.819210000000001,5.72351,6.28316
90.82581647346451,36.4559,37.2868,37.458,18.0082,10.795,11.6939
32.1622881940239,20.6871,29.3002,30.6472,5.68153,5.07052,6.00265
69.99739122995086,34.0611,39.4771,40.4238,10.7466,13.4594,14.534
96.785736056298,39.1206,43.919,46.2706,16.0508,15.0478,17.3975
46.61402126582327,25.9308,34.0652,34.8786,7.0449399999999995,7.81928,8.52057
78.33772379992875,34.5102,41.5159,42.9913,12.158,14.442,15.4232
51.13078729691878,28.2569,37.1446,38.0911,8.97418,10.5921,12.4031
100.1277134755355,41.3309,45.5641,47.2654,18.4418,16.9503,17.898
83.08230895546647,31.1779,41.2102,42.2558,10.8674,12.929,14.0833
87.99503947170939,40.5777,44.11,43.596000000000004,15.4159,16.4043,16.245
63.39582932805951,27.5252,33.2543,33.3302,8.16633,7.43267,7.37419
94.48588409905523,35.5684,35.5127,37.4838,19.8081,9.55827,9.95759
48.603962483793794,28.8393,35.1769,35.6399,6.89113,8.94104,9.77182
46.7203171619754,24.296,32.1279,32.1861,6.851,7.490530000000001,7.962619999999999
27.675766347390645,23.2528,29.075,30.2446,5.002619999999999,5.5140199999999995,6.88731
10.469954148308886,19.2896,27.0945,30.0373,4.56032,4.77658,6.69839
32.221883068943164,26.121,31.5245,31.0362,7.54767,8.45711,7.53206
56.96044426050809,25.6527,33.603,33.8055,8.21371,8.10985,8.61385
71.4920663589035,33.9501,41.2312,41.8714,11.8381,13.0762,14.0633
53.85319127656601,24.9618,35.3475,34.7671,8.4741,8.94801,8.77023
35.81759821798116,22.6495,33.8752,35.7038,5.2007,8.09244,10.5343
57.42375719482124,28.6443,37.8434,37.9736,8.03533,10.7337,10.9809
63.715351442192144,32.3838,41.1037,35.7138,9.43132,13.5465,9.42419
57.95679974783086,24.9618,35.3475,34.7671,8.4741,8.94801,8.77023
21.02431317103499,24.7797,32.1595,33.760999999999996,5.88629,7.85589,9.742280000000001
51.625301137998065,26.8874,34.9154,36.1257,7.75522,8.60406,10.4803
41.41031586066659,25.6486,33.2998,35.0597,6.5318,8.13928,10.6554
85.37804923432516,35.5086,39.7406,38.77,14.992,13.032,12.3546
96.07878740277614,44.7215,45.3602,44.5951,19.5675,17.8418,17.4587
94.69135642846491,40.9946,44.3992,46.8437,16.9588,15.4687,17.7862
80.12839501304795,34.4726,43.8649,45.8252,11.8879,15.3971,17.1564
57.7285995830901,31.0902,37.713,37.528,9.60634,12.0956,12.1128
18.797306177965297,21.401999999999997,31.0388,33.1844,3.9703199999999996,7.74403,10.6703
89.74748411911415,35.0139,38.3194,38.2115,15.200999999999999,11.2246,10.8173
85.27386948201513,31.2335,41.2427,42.2709,10.9207,12.9374,14.0913
62.21938203863782,34.4615,38.0053,37.789,10.7049,11.9641,11.9832
32.597218798529575,26.121,31.5245,31.0362,7.54767,8.45711,7.53206
66.03364370801839,34.3272,39.7234,40.7423,11.0084,13.6829,14.7385
96.78026323517334,42.6798,45.3966,47.2249,19.8089,16.1994,17.8018
74.16182085701692,33.5933,42.9845,36.9064,10.5679,14.6972,10.3608
46.38387996152245,30.6139,37.3986,38.0383,9.10143,10.6091,11.7856
59.68680720486951,30.5015,36.8017,36.4613,10.1298,11.9142,12.3626
63.06322725280761,32.482,39.4311,40.7314,10.6892,13.0151,14.1393
91.5931180035634,40.0614,42.1557,43.1449,18.1875,14.2057,14.8126
75.50730732173461,32.2078,35.4683,38.0326,13.2223,8.71749,10.1286
63.53220784338267,29.2379,34.7312,34.4711,12.3422,8.90254,9.78365
86.27941080216844,35.825,41.2576,41.6129,13.2451,12.9126,13.752
53.33844554261725,28.6145,39.0415,39.7229,8.5186,11.747,12.7985
8.141476703398496,24.3656,32.1111,32.8409,5.0606599999999995,10.6953,12.196
8.169270585906162,25.8329,28.1566,28.8245,5.18848,9.327630000000001,11.0988
9.930900618973538,19.551,29.7171,28.7997,3.3683099999999997,6.27869,5.30929
47.67607221404555,26.0751,31.6876,33.7647,7.63358,6.36877,7.81215
23.443863344759478,24.428,29.9749,30.2618,5.37485,6.34165,6.52008
88.98198053344255,36.2294,43.7,45.2118,14.9109,15.3503,16.1974
10.157718994115529,23.3503,28.0887,29.9395,4.141380000000001,8.00292,10.5953
88.28436184002912,35.0812,38.9919,38.8031,16.2199,11.054,10.545
27.64464907893631,21.8728,29.7532,32.1211,7.08104,5.17774,6.84673
91.37689720117224,35.8876,39.9939,42.0588,16.0409,11.4283,12.7897
90.19170025701656,28.7132,39.2038,42.3287,10.9892,10.7689,13.4198
5.470247607797191,24.8232,26.5831,26.7983,3.85768,8.96981,5.58933
85.26842600679917,34.3426,42.3574,44.3312,13.4569,13.7535,15.9671
93.1628865456725,38.0366,46.0437,47.7498,14.9712,16.8347,18.2951
91.45206906602957,39.8282,45.0436,46.1458,15.0641,17.0533,17.5855
-0.24091440063672565,24.2081,31.6458,31.3714,4.22427,10.3098,11.3483
73.8143330414643,33.4402,39.0121,38.8279,12.7732,13.6347,14.1239
-0.917089912814916,24.0252,27.5938,30.2949,3.28496,7.05507,8.481069999999999
7.094881466050823,22.1507,29.1895,34.3425,3.6722,8.35585,11.1295
36.531365912416135,30.9394,33.7579,33.7215,7.82625,9.65338,10.0478
72.73802556984944,31.096999999999998,38.7812,39.4687,11.6898,11.0984,11.4692
91.93313369681955,37.8695,42.1825,42.5008,14.8757,13.7094,14.5593
44.955571052105725,26.3961,34.4661,35.7798,7.53799,8.80583,10.152999999999999
2.4912263705571154,25.1171,26.587,26.7983,4.02634,8.96177,5.5892800000000005
40.35081149707782,29.5696,36.8149,39.7966,7.09439,12.0474,14.8511
86.29684052145357,32.0336,40.8195,40.4571,14.1033,12.302,12.6461
8.65649966174145,25.8329,28.1566,28.8245,5.18848,9.327630000000001,11.0988
4.481515427738586,24.0252,27.5938,30.2949,3.28496,7.05507,8.481069999999999
9.565790959586607,23.669,28.0917,29.9403,4.24958,8.007060000000001,10.5963
11.857653380564553,20.6581,30.2688,29.3379,4.899430000000001,8.28377,7.54437
71.17801062602562,28.2601,38.6183,38.0375,11.2087,10.7858,10.8091
-8.772574361495515,24.4397,30.5353,34.4611,3.3414099999999998,11.1049,15.575
41.66482938082225,30.3572,36.931999999999995,38.8183,9.40559,11.152999999999999,13.0509
4.961401392263697,23.0653,30.4061,27.5325,3.3948,10.1716,7.49326
24.009976539482718,23.8573,31.6766,32.4578,4.91909,7.2069600000000005,7.65872
88.68790738431625,38.0831,46.6021,40.2851,14.4124,17.4403,13.3396
16.446707085813642,23.5025,26.9714,27.2902,5.86524,6.69813,5.9113
81.85689226120363,29.6708,34.8078,36.1631,14.2304,8.273710000000001,8.346169999999999
80.53417896143695,31.8204,38.2451,40.4489,12.4526,10.1751,11.83
29.497556151028306,25.4594,33.4778,33.597,5.49744,10.2611,10.6878
9.99215274912592,22.3937,28.9834,28.5303,4.92315,7.820539999999999,6.86423
10.10937530682817,24.6961,32.0969,32.8418,5.3331599999999995,10.6862,12.1947
74.77721417386843,33.8844,38.1828,37.4,13.7904,11.8107,11.2518
8.753360050384558,19.551,29.7171,28.7997,3.3683099999999997,6.27869,5.30929
21.832177298653875,24.9062,31.5959,31.3088,6.31196,8.94769,10.0485
15.11390211245893,20.5211,28.0954,29.0999,3.5311199999999996,7.1254,7.7627
7.474791048753801,22.0281,28.4678,28.4888,3.60754,6.32113,6.3833400000000005
73.28178695307795,25.8636,37.3236,40.2672,8.48436,9.4769,12.2198
10.765582942437431,20.1188,28.3358,28.9499,4.09735,6.47467,7.41832
8.382521734905822,20.1188,28.3358,28.9499,4.09735,6.47467,7.41832
16.9664105668773,20.9948,28.0958,29.1059,3.95402,7.1207,7.7678
6.963467081831625,18.7419,27.5989,29.8611,3.78615,5.05136,6.0727
65.39355486256588,31.7698,41.1359,42.8872,9.29233,13.9527,15.8021
2.7532247931007556,21.3497,27.6432,29.4198,4.6959,6.91816,7.8038300000000005
8.409329535275987,25.8697,27.7388,28.7643,5.336530000000001,8.159419999999999,8.70979
5.365434326361566,23.0653,30.4061,27.5325,3.3948,10.1716,7.49326
83.3558770379789,29.7317,33.8486,35.9885,14.8859,7.992039999999999,8.715060000000001
4.19195612931,22.381999999999998,27.6542,29.5035,3.10131,7.977589999999999,8.458160000000001
36.69238661795619,22.8724,31.9125,30.6604,6.50668,6.3003,5.209280000000001
11.079517283690322,25.3148,27.7221,34.1301,5.92782,8.75345,12.8733
71.44974480946149,28.7719,36.9061,37.2664,11.3701,10.2238,10.8128
10.3577670299956,20.1861,30.2703,29.3364,4.53982,8.28074,7.53971
11.779067178615492,19.2009,27.6395,29.8592,4.26459,5.08328,6.061640000000001
88.26006830540499,40.9733,45.2727,45.9828,16.6186,16.5564,17.1774
29.97536162539086,29.3884,33.2511,33.238,6.767239999999999,11.1033,12.1412
11.22633081382868,23.5025,26.9714,27.2902,5.86524,6.69813,5.9113
2.5718976817899057,22.5015,27.8819,30.9169,3.3029300000000004,9.284310000000001,11.7509
14.012835178067194,21.1897,27.0644,27.8512,3.47245,5.16183,6.51734
85.56945158341773,34.7516,44.1705,41.7976,12.9972,15.4477,13.8354
-2.7008215657415207,21.8856,28.7088,32.0155,3.40095,7.8025,10.2501
79.06593067745641,32.794000000000004,36.724000000000004,35.8233,14.0502,11.3974,10.4252
-1.2728634129955625,19.7872,26.2079,32.4741,2.51895,5.97495,11.3601
7.347301292817007,23.6563,32.4257,33.1022,3.62431,11.4657,12.2602
11.33074136891463,21.9867,28.598000000000003,30.2684,3.1264,6.45739,7.37495
6.18646560269562,23.6563,32.4257,33.1022,3.62431,11.4657,12.2602
0.02800183251329713,24.2081,31.6458,31.3714,4.22427,10.3098,11.3483
67.28686843382388,25.4924,33.0355,34.5112,10.4219,6.8198300000000005,7.10618
82.2193704511951,31.1748,38.6318,39.0669,13.5997,11.5688,12.2089
84.21689955210645,33.4072,38.5736,40.9094,13.6964,11.6356,13.6399
26.895197855308126,22.2852,30.1682,32.4108,7.4768300000000005,5.380809999999999,6.89195
9.115655371271911,22.0281,28.4678,28.4888,3.60754,6.32113,6.3833400000000005
86.96650954456184,35.0527,43.2531,44.0439,13.4126,14.2341,15.113
6.800253817711947,22.7932,27.6131,27.5676,4.83764,8.14648,10.3888
12.219176081469627,25.8697,27.7388,28.7643,5.336530000000001,8.159419999999999,8.70979
70.95346028214331,32.5499,33.1627,32.6978,7.3489,5.5921400000000006,5.49089
35.238059004967205,18.5185,19.4414,18.7353,3.23513,0.46347,0.33619499999999997
55.2180692923431,31.631,32.2593,31.7925,7.58449,4.31489,4.99975
-5.36416799729716,8.67412,10.7395,10.2891,0.309434,0.0507327,0.0472272
81.85157058988813,37.6372,38.2296,37.7649,12.21,9.06225,8.50675
71.08965603826772,32.5933,33.1779,32.7652,7.61419,5.15268,4.69135
32.37348237466827,17.6629,18.7918,17.92,1.9309,0.46622299999999994,0.35446700000000003
84.4628591826633,33.705,34.4618,33.8951,11.7118,6.875610000000001,6.38405
36.97255250845293,18.7985,19.5938,19.0247,2.9656,0.777199,0.5036619999999999
66.5517539648323,31.6118,32.2324,32.6012,7.00335,4.67699,4.75904
76.96141820534018,37.6014,38.2132,37.7611,12.5972,8.83274,9.61675
53.808637980138165,27.5895,28.203000000000003,27.7463,4.24034,2.38591,2.10375
78.07211175195809,37.6199,38.2425,37.7841,13.1997,9.65543,9.14071
85.22458405616145,37.7385,38.3501,37.8655,12.4667,9.79895,9.616539999999999
6.086445967590477,11.1394,12.8247,12.3837,0.923473,0.12936199999999998,0.130878
59.20405181093348,25.8175,26.4794,26.0198,8.67077,2.22553,2.26575
48.59331516882995,22.2679,22.9944,22.4358,2.5047599999999997,1.1261299999999999,1.0697299999999998
64.67823167207936,32.5972,33.2396,32.7205,9.09689,5.62504,5.1723
86.50501371151529,36.0837,36.7131,36.257,17.6467,8.82356,8.88238
-11.774693526314492,8.69834,10.7153,10.2719,0.215558,0.0537495,0.0471821
38.31899848197707,22.8138,23.4586,22.9726,2.41643,0.898317,0.768632
70.94839093443565,33.5877,34.2434,33.778,7.07907,5.97755,5.667000000000001
-9.627084012214354,9.20767,10.5535,10.2368,0.21357199999999998,0.061372,0.047816000000000004
5.965183661739516,9.467319999999999,11.6466,11.1584,0.314202,0.0782992,0.0673758
50.165765954364396,23.1547,23.9357,23.3352,3.26249,1.03601,0.875058
38.37385805155919,21.788,22.5264,22.0278,3.24159,0.9420930000000001,0.774558
52.27258725306107,25.1858,25.9996,25.4415,6.26012,2.16466,1.88694
41.589544160154034,24.219,24.904,24.28,3.21443,1.20828,1.5760299999999998
25.36431450699841,14.9179,16.0091,15.2987,1.8267,0.2565,0.219331
66.80297278917021,31.0115,31.7731,31.1821,9.99965,5.05843,4.44448
72.48540096831856,29.5825,30.3831,29.8044,8.4087,4.1102099999999995,3.72022
39.72034608253485,19.4421,20.1294,19.6248,1.94422,0.49553400000000003,0.422654
-2.7236854663196937,8.50582,10.6773,10.2534,0.146843,0.0533119,0.045946100000000004
5.5899095989257015,10.2994,11.4254,10.7909,0.30101,0.0763641,0.0690105
61.912202239845755,30.1182,30.834,30.2953,8.51755,4.199730000000001,3.72678
28.78781797057323,15.1283,16.3965,15.7802,2.8790299999999998,0.347814,0.246677
71.38281164058449,31.0456,31.6887,31.2253,9.192060000000001,4.45639,3.84626
33.46834951490713,19.055,19.8484,19.2209,1.5512700000000001,0.49921099999999996,0.44549399999999995
28.239787063306512,16.3735,17.2673,16.6773,1.5016399999999999,0.31198000000000004,0.246982
51.940061154971524,27.6188,28.2422,27.7776,5.32024,2.37249,2.13822
-0.23878414456692096,8.10882,10.7705,10.3342,0.17846199999999998,0.050913599999999996,0.044116300000000004
-7.650330777516217,9.2081,10.738,10.2949,0.07990169999999999,0.0488196,0.0427756
79.70405162693135,37.5915,38.2107,37.7737,12.8738,9.04992,8.57289
27.154382147030052,12.9723,14.125,13.6546,1.48905,0.158375,0.155049
73.01036612583546,31.7039,32.3324,31.8604,10.9195,5.91298,4.85113
62.65850386419827,28.2777,28.8721,28.4705,9.2548,2.86761,2.7953
-4.408016051015494,7.869730000000001,10.615,10.1072,0.173239,0.06107669999999999,0.055227899999999996
65.4970833005483,27.8179,28.5722,27.9895,11.4065,3.5453099999999997,2.93244
24.75419186733001,15.4071,16.6441,15.958,2.43662,0.421763,0.252398
20.56386793111808,13.6508,14.9402,14.4443,1.59198,0.237481,0.22658499999999998
26.164970285288657,16.7327,17.7558,17.2218,2.55292,0.45671999999999996,0.42498
2.4879048627324494,8.78771,10.654000000000002,10.2967,0.137849,0.048822500000000005,0.043604199999999996
4.656299059248242,10.5151,12.1854,11.7888,0.8853790000000001,0.121279,0.08301560000000001
79.4725153048744,37.6265,38.2358,37.7994,12.6505,9.38713,8.88888
63.52436308473146,30.2416,30.9116,30.3384,7.18697,3.55672,3.18624
64.3554151593274,30.2402,30.7522,30.4685,7.4665,3.5510699999999997,3.37554
2.3004234642264407,8.63092,10.7544,10.2882,0.254006,0.0549616,0.0517857
-6.369857363538301,9.50272,10.7498,10.2732,0.10751,0.0492187,0.0440475
88.96269372176758,39.5783,40.1834,39.7385,16.4435,11.2301,10.3826
2.3430175858502054,10.2693,11.5367,10.7688,0.173817,0.0598297,0.07019500000000001
21.529146087128936,13.409,14.3925,13.988,1.7835599999999998,0.140952,0.138929
37.07029262499914,20.9253,21.7795,21.1234,3.23687,0.824541,0.685679
58.96448945388154,27.6246,28.2984,27.826,7.73255,3.4599599999999997,2.6598599999999997
81.38890543097689,39.5226,40.1276,39.6646,12.2347,10.6774,10.1003
29.050011290465623,16.3301,17.1643,16.593,2.1044099999999997,0.47317700000000007,0.294732
0.5408949033964916,10.2213,11.4614,11.0397,0.307413,0.060427800000000004,0.055316599999999994
52.551574595674886,27.623,28.3082,27.8126,3.4254599999999997,2.53173,2.35638
54.1709210141688,24.6978,25.3904,24.8075,6.43156,1.7446599999999999,1.5380200000000002
38.38419110056179,21.5193,22.3316,21.7158,1.40564,0.848925,0.775341
58.68304201570289,30.1147,30.711,30.2725,6.57188,3.7920199999999995,3.4973300000000003
36.54068103472212,20.6504,21.7072,21.09,2.74694,0.9868180000000001,0.924374
54.99567189253358,26.8602,27.6558,27.026,7.1501600000000005,3.32458,2.37984
30.97245569309122,16.995,18.1277,17.5209,1.9287299999999998,0.346777,0.267754
45.37194005393582,21.8719,22.6437,22.0318,3.4166,1.10859,0.961411
84.72864794563705,41.9271,42.5447,42.0714,14.3521,13.1447,12.708
79.99251670947257,36.1766,36.6986,36.4217,12.1558,7.7128,7.4046199999999995
5.79513185415712,10.0167,11.3953,11.0083,0.269683,0.08253839999999998,0.07467439999999999
84.61135309801702,38.3488,38.8245,39.2694,12.5671,9.80072,9.89775
44.93246945715624,21.6159,22.1324,21.9055,2.9142,0.719037,0.6963560000000001
2.730528420162912,10.2804,11.3517,10.9508,0.13209,0.0651111,0.056726900000000004
78.38947065238183,39.5176,40.0951,39.6423,12.9371,10.6861,10.1039
78.80471697151953,34.7321,35.3103,34.8576,8.97931,7.1866,7.071680000000001
28.459628705848488,16.2466,17.1236,16.4304,0.951419,0.272147,0.242323
68.75012505798212,33.5861,34.2167,33.7328,8.75259,5.82409,5.35139
86.33305666880638,39.499,40.1388,39.6454,14.8808,10.5651,10.0437
42.60694528967724,21.8419,22.6016,21.9803,2.60183,0.8030689999999999,0.7922739999999999
-5.1016641339624575,8.55975,10.7193,10.2316,0.20929099999999998,0.0557879,0.0486292
60.89385902254068,27.6652,28.3117,27.8368,9.02539,2.62387,2.15447
42.46139671685357,22.7963,23.3874,22.9625,2.65089,0.9485819999999999,0.844095
60.28653344197289,30.4547,31.1516,30.6287,7.11515,4.41017,4.29587
32.805622410751866,18.1783,19.1388,18.4931,1.59524,0.38359699999999997,0.31382
30.934648830139817,16.7172,17.9365,17.2763,1.81403,0.419001,0.358158
26.45416388414165,17.0238,18.012,17.281,2.10068,0.365556,0.299616
-6.817589945912077,8.91358,10.7312,10.2989,0.14615,0.0520418,0.045529900000000005
76.4915933837133,32.6047,33.2369,32.7694,12.3694,5.7161599999999995,5.29713
30.739946145474352,19.1192,19.8323,19.2965,2.0069999999999997,0.44941800000000004,0.394095
34.29301611482191,16.4105,17.3975,16.6799,2.34564,0.35496700000000003,0.302485
86.73316017919977,39.4929,40.1463,39.6467,16.6792,11.5559,10.8733
87.86216609016968,41.9104,42.5091,42.0787,15.9288,12.7449,12.1556
61.40431236598128,30.1245,30.8148,30.2768,6.782589999999999,3.5606199999999997,3.51574
88.83351711330181,37.6082,38.2381,37.7669,14.9279,9.52483,9.00073
49.805674767763726,22.6281,23.5447,22.8958,7.3317,1.5492700000000001,1.17062
77.11512894869506,33.6503,34.2867,33.8707,13.477,6.20141,6.0231699999999995
0.3384714918802985,10.2185,11.307,10.8822,0.12980899999999998,0.0683823,0.06077330000000001
6.131407592103045,8.69422,11.7193,11.3589,0.186304,0.0689997,0.05744640000000001
22.366550805753285,14.8972,15.9455,15.2367,1.81148,0.208617,0.150587
66.36629017698411,30.0979,30.7632,30.2428,8.43929,4.02647,3.6561199999999996
44.464424350939844,21.9774,22.6156,22.1376,2.59932,0.829564,0.717168
41.339657759069034,21.6599,22.3534,21.8224,2.30598,0.847007,0.765509
48.32975571823614,27.62,28.3474,27.7681,3.61571,2.4415299999999998,2.11674
56.70198369017307,28.2281,28.9205,28.5033,6.62355,2.93818,2.5554
37.3090425909546,17.0298,17.8193,17.3465,3.17667,0.390461,0.39435
2.075307743522828,10.4713,11.4451,11.0036,0.21963200000000002,0.065612,0.0560245
64.29204448179328,31.6698,32.2822,31.8286,7.9355199999999995,4.49581,4.13934
42.01427240618449,20.1831,21.1792,20.3955,2.83011,0.775076,0.609298
32.534658365530504,16.5289,17.4573,16.7776,1.51724,0.42063500000000004,0.35617600000000005
71.20265514204002,34.715,35.3318,34.8831,8.78684,6.63927,6.14222
62.05589281685153,32.5763,33.186,32.7133,7.72664,4.9111400000000005,4.467230000000001
34.92171000712148,21.1066,21.8415,21.1335,2.07457,0.648543,0.883758
30.55027570052782,18.7793,19.4378,18.9725,1.29334,0.382115,0.32550100000000004
23.909180774147895,13.1797,14.6429,14.0496,2.0225400000000002,0.220559,0.158047
29.410237788430013,16.6323,17.8009,17.0818,2.87525,0.545088,0.330895
36.69369950719872,19.3936,19.9865,19.5782,1.67,0.4647,0.418996
38.536281932507514,19.5803,20.664,19.9989,2.7763299999999997,0.755857,0.6454300000000001
84.00153406771813,37.6294,38.2097,37.7996,11.6227,9.11767,8.522689999999999
36.296657107508715,19.9941,20.7794,20.1758,2.02693,0.5514789999999999,0.54862
84.8528914128642,39.4927,40.1202,39.6382,14.5566,10.6332,10.562999999999999
37.00870230696026,21.1266,21.7193,21.2827,1.99555,0.714071,0.605384
35.30298066920409,19.2063,20.6197,20.477,1.36871,0.5939800000000001,0.541399
29.49672305343077,15.5245,16.2987,15.9223,2.56502,0.22149899999999997,0.22527399999999997
10.926665470461812,12.3166,13.5176,12.9197,1.0305799999999998,0.11320699999999999,0.0865538
61.91489864383871,33.5829,34.246,33.7303,7.21828,5.80069,5.29892
86.22719000157694,37.6356,38.2891,37.8289,14.5993,10.9283,9.55973
29.3549702705307,15.5502,16.4362,15.8555,1.01434,0.21066100000000001,0.21263400000000002
32.360318890176416,18.3968,19.6084,18.9725,2.09045,0.664112,0.611129
-6.173357322606678,8.62992,11.0348,10.5554,0.444953,0.068579,0.0541729
-2.015448396382453,9.36753,10.7123,10.2353,0.13710999999999998,0.049674199999999995,0.043068199999999994
77.8506826537695,33.6352,34.2471,33.8022,14.2462,6.20869,5.43454
47.30136844564532,23.680999999999997,24.6959,24.7727,2.63213,1.36053,1.32955
34.79373829412461,18.5609,19.3857,18.6859,1.6446900000000002,0.557261,0.51227
35.19386594769857,18.5889,19.168,18.9649,1.9308400000000001,0.381205,0.369847
76.63406736810524,33.672,34.3357,33.9212,10.6888,6.22884,5.65493
38.011465935053046,19.6182,20.6091,20.0136,2.77288,0.6055159999999999,0.468008
36.548169511446574,21.7266,22.5482,21.8509,1.6167799999999999,0.853792,0.689013
1.7292971679769382,9.65178,11.6291,11.1534,0.210916,0.061747,0.0536395
57.87223463855043,31.6707,47.4513,48.2962,10.0464,20.6174,20.7657
62.53727967745306,26.2889,45.1146,44.4909,10.4474,17.2092,16.3239
56.73543981464859,25.7264,42.6834,41.0632,9.635069999999999,16.4473,15.2083
80.48990291567483,39.1649,56.1667,56.6263,20.3406,26.7284,27.1361
27.170577794572807,22.0916,38.2045,42.5541,5.2748,12.3747,14.9162
45.20415019689004,23.788,38.6579,37.8149,7.26117,13.9345,12.7741
71.54076120655293,24.2973,47.9603,48.3935,9.02479,18.9929,20.0895
71.81908712769128,25.1538,43.9241,45.297,10.7667,17.7267,17.5712
76.1649333049658,34.2784,50.5803,51.2651,15.1888,24.4452,24.8723
10.276252877493251,20.793000000000003,35.3211,37.0498,3.5775300000000003,11.507,12.9749
16.73045955190669,18.0208,30.7126,30.7127,3.3017,8.14218,7.30606
76.25219941152777,35.1754,49.6854,50.1969,14.1292,22.0889,22.2026
69.48555479710438,30.0168,46.1305,48.8328,13.5714,19.4751,20.4978
66.68263481551446,28.0368,47.1523,48.5466,10.5027,18.3739,19.0026
56.628606526347255,25.9444,47.632,48.5993,7.719860000000001,18.7582,19.6556
36.61806451693814,22.8385,41.4793,43.8259,5.2521,12.8551,14.3371
11.746585424267804,20.5396,31.5193,31.1953,1.95202,9.00117,9.19077
67.71120556110934,25.2939,46.9693,50.8601,8.41727,18.3242,21.1692
46.8269177020824,25.1066,40.0167,39.944,6.869739999999999,13.1526,12.8534
58.5316273233173,24.0711,43.2686,41.3102,7.751760000000001,15.488,13.9404
60.8424358488976,24.2883,41.3499,41.6196,8.94234,15.6003,16.5815
52.460160486370924,25.9906,41.1964,41.0808,7.729889999999999,14.3115,13.9275
80.18043411084574,31.6893,47.0801,48.8888,14.6979,20.8566,22.3387
6.591345340899522,18.5108,36.8289,37.0505,2.21824,10.9525,11.7213
39.14091091969043,18.6071,35.6893,37.523,3.54915,9.23344,9.63075
56.88247708453965,23.5595,43.8327,45.0426,6.717060000000001,16.9625,18.2842
67.54466530975978,28.3293,44.6086,43.5349,11.8857,18.8838,17.9362
77.0364069792853,36.1356,51.2357,51.8943,14.2998,23.4034,23.4185
70.29288737892365,29.9432,46.6962,47.2654,10.6624,21.6322,22.1039
49.217108897043545,26.441,43.6628,47.3374,8.036810000000001,15.8077,18.5573
47.8319068519028,28.4951,42.8143,42.9664,8.921660000000001,17.0821,16.6693
79.578298614645,34.867,50.4157,50.216,16.7606,23.0858,22.6257
62.9303309130032,22.7806,41.2857,42.7685,8.16933,15.059000000000001,14.9981
53.241385062687854,27.896,44.3727,44.7612,8.525960000000001,19.8331,20.3438
70.053078951565,29.4101,50.1315,52.3061,10.2227,21.0901,22.6923
50.6112684388104,28.2904,48.4885,40.4455,6.759860000000001,19.2545,13.9183
44.201403028778095,23.1535,39.0684,37.7343,7.3525100000000005,13.4517,12.1354
50.42741875074178,22.2267,40.9002,39.0121,5.69543,13.0781,11.5353
64.836581102847,26.0997,42.3689,44.1734,8.827919999999999,16.1103,17.8483
40.27202424267786,20.5045,38.6957,39.2697,3.49916,12.4009,13.359000000000002
35.75919630559865,19.8101,35.6268,34.961999999999996,4.15261,10.1286,10.909
62.38654740587123,29.5166,49.8768,42.5832,7.83949,20.4564,15.9451
58.637016102704564,30.0452,48.5205,50.2645,10.5971,21.0294,21.331
73.41176308061188,27.9037,47.3283,45.488,11.9435,19.5514,18.2282
78.31966132752477,29.4105,51.7328,52.3255,14.3816,22.6704,23.7219
78.62826425872122,32.1948,52.0531,53.8276,13.1965,22.9073,24.1174
51.62220154404585,25.4485,44.5278,46.2857,7.805389999999999,15.7916,16.7463
42.95900584151253,26.1182,43.6838,46.117,7.32877,17.3737,18.2948
64.48892357550565,29.5043,46.7914,45.3713,8.63048,18.7227,18.2468
53.33498624225692,23.2357,45.0903,49.2302,6.12403,16.4388,19.5621
78.09233575464602,29.7588,46.9639,47.4528,14.8385,21.0061,21.7687
31.459418714199053,21.6924,35.3768,34.8505,5.2836099999999995,11.4193,10.3243
40.432185444549134,25.0168,45.1572,47.0103,6.76417,16.5719,18.6088
40.924059260210754,26.2464,45.1074,47.0279,7.1631100000000005,17.0298,17.9548
49.69997809741386,26.0648,46.2915,48.2205,7.77273,17.6808,19.5488
62.96336193865673,31.471999999999998,46.5753,46.9509,11.2885,19.8462,19.7205
46.38672832678002,28.3738,49.562,51.1229,6.33309,20.0513,21.1246
27.126050684309806,19.5723,39.7586,43.8135,2.10665,11.2554,14.4369
56.77505221695214,25.5636,41.1916,40.2067,9.05444,15.9912,14.8912
79.80111505830988,30.0907,49.9035,51.4134,13.7298,22.3971,23.5389
73.1895750749329,31.6459,51.617,45.672,9.82803,21.9961,18.8263
66.7104122601126,23.5286,47.2987,47.6564,8.22152,18.3566,19.4193
81.36121796872055,35.794000000000004,51.1966,54.0014,15.8926,22.1493,24.5316
61.26988971537919,27.2082,45.1021,46.8393,9.2195,17.9342,18.8847
58.45422835251264,23.1087,39.9506,42.583,8.877410000000001,14.3714,15.3509
41.087508545117004,22.8155,41.2628,40.8612,6.99447,13.3648,12.652000000000001
77.1610218926058,35.0232,52.7005,53.6541,17.8743,23.8653,24.1246
35.28370739912629,23.5198,40.4941,41.9981,5.01156,13.2852,14.0441
20.240975996100477,24.105,34.1449,34.7128,5.802569999999999,11.8092,11.3462
24.635027989665662,25.2198,36.8486,38.1862,5.27726,13.1126,14.3165
79.61826804193495,37.4147,55.9489,57.7119,21.3545,27.1441,27.9421
52.13762901192131,28.2699,46.5774,48.6679,9.12331,19.6039,20.125999999999998
39.89302849036479,18.642,41.2473,40.1714,3.3105800000000003,12.799000000000001,12.6553
59.050469675579464,26.4522,47.8147,50.1437,7.0307699999999995,18.8241,20.732
57.58159538633779,27.0471,47.1976,49.1485,8.71032,18.5713,20.2941
59.6838367733909,28.0658,50.4923,48.2314,8.0874,21.2663,20.1832
59.22746231574874,28.6021,47.2297,48.7463,9.6797,19.1925,19.7343
32.41602025066122,22.1216,40.6032,43.1629,4.61565,12.0436,13.716
61.79202997999096,30.840999999999998,49.1073,50.3167,11.0172,20.4982,21.4892
57.606341753463184,21.285999999999998,39.4291,41.0037,6.51411,13.1459,13.1865
53.48938874951271,23.9383,40.4843,42.1084,6.36169,14.0272,15.6884
78.67794900650236,35.2105,53.5836,49.4235,13.304,23.785,22.1902
35.26477735203896,20.8742,35.3696,38.8812,4.0647199999999994,9.33073,11.1466
73.78580906401808,33.2857,51.2275,52.4597,13.3766,22.9861,23.0965
43.73261595602486,21.4874,37.97,40.6461,7.044230000000001,12.2775,13.3825
62.66225116873772,29.0208,46.0913,49.5745,10.0908,17.6407,20.4852
61.92692987248349,24.458000000000002,41.4756,44.0626,10.3825,15.9613,16.8509
34.41724398040095,27.5146,40.7598,41.9157,6.5823,15.7451,16.4953
69.3000802767203,30.1461,52.2029,50.3768,10.2401,22.8518,22.0508
79.30357486274892,34.446,50.8129,52.7947,21.124000000000002,25.3598,25.4656
51.13625434085903,24.0503,42.6756,42.1529,8.21963,14.7776,13.9629
77.14148940050003,36.4955,55.0345,55.7469,14.6808,25.1714,25.5899
54.34592891183943,23.8418,40.8228,41.0397,8.456489999999999,15.0936,16.0732
75.69135546466687,36.6017,52.4147,51.216,15.6123,23.8813,23.4973
82.84357573585783,36.2214,51.9072,51.0048,20.0388,25.3868,24.9349
78.58055976277187,31.1029,48.4544,46.7504,13.9486,21.1722,20.2786
47.10078363235092,24.5104,46.1153,47.2357,6.46457,17.3191,18.4217
73.06202065885348,31.3913,49.3043,50.4919,12.5809,21.2201,21.4731
40.56231756724815,24.2931,41.7077,43.2734,5.9069199999999995,14.5069,15.3118
44.0090027721249,21.2718,39.5612,37.7662,4.63,11.7151,10.2292
73.92051683037985,29.7631,45.7225,45.5116,11.5136,18.7149,18.1758
66.97542588664672,28.3314,49.6754,50.36600000000001,9.87077,20.686999999999998,21.2812
58.37797904520436,26.2578,43.3926,41.7294,10.0903,17.0365,15.8222
9.168557359896127,17.4243,35.0701,35.8515,2.42541,8.37913,8.63526
30.70441036078083,26.2664,38.5025,38.6926,7.110180000000001,14.14,13.5723
72.56185747980264,32.1463,52.7745,53.716,10.2033,23.0011,23.5895
26.936751452933887,18.1812,33.3792,36.2367,3.27756,7.44579,8.97521
79.01878894577807,31.766,50.5634,48.9806,16.0689,22.712,21.7123
56.35131026295589,25.3632,41.328,44.4943,8.69789,14.8148,16.273
56.40699830016206,24.5204,41.0198,42.7015,7.037439999999999,14.630999999999998,16.3229
74.53916137383808,36.7396,53.0486,54.2588,16.7051,24.0684,24.8753
70.15866945340267,26.0735,46.5446,48.0961,9.44271,19.4047,20.8021
54.89028282314472,27.5654,44.5953,43.5147,6.67471,16.5628,16.3948
47.71674215886078,28.4258,47.0265,47.8112,8.6547,18.4984,19.4997
42.21878806454772,29.7265,44.7977,45.8027,8.29973,18.7139,19.0737
13.725552798632762,19.3171,35.2171,37.305,2.10796,9.13408,10.8774
15.444357798919471,24.7131,42.4447,45.8075,3.43605,14.8342,17.0446
29.73887366971303,23.0707,42.4692,43.8912,4.95763,14.0957,16.25
59.61536568941393,29.9212,51.1846,52.4084,7.90735,21.5254,22.3373
28.155463860760623,24.0288,42.8131,44.9412,4.84543,14.864,15.9348
25.332957220085078,23.0831,42.6958,38.9563,3.56425,14.370999999999999,12.1749
61.99094400057343,29.1383,46.4268,45.0451,8.26261,18.3673,17.9269
38.65318041401711,23.3248,37.6482,37.6678,5.20108,10.8699,10.7749
35.28289140054853,26.1186,44.2822,44.4152,6.34912,15.8284,16.9054
31.98336698510849,23.6545,44.3821,46.0538,4.05664,15.4487,17.1421
63.499977767307904,24.5602,46.3342,50.327,7.6037300000000005,17.6859,20.6445
46.6943591483878,26.1993,48.2317,45.4536,6.209890000000001,19.1739,17.7181
41.97084234963764,21.3909,37.7281,37.5083,5.79782,12.0881,13.0252
70.68153091416306,25.5898,46.0873,47.6005,8.921289999999999,18.993,20.4009
50.45938344366936,25.6496,47.04,49.2851,6.16102,18.0505,19.9678
44.41578890069976,26.9829,45.8207,47.6092,7.9549199999999995,17.7546,18.5596
35.87474539432978,26.0305,45.4565,36.6099,5.06796,16.7122,10.380999999999998
75.08713638237141,32.8245,51.4752,52.9858,14.1154,22.6427,23.5908
51.0443554589239,20.6282,44.2627,43.9312,5.2389,15.4882,16.0484
52.03677896982821,23.5378,39.1239,42.4593,6.795730000000001,12.71,14.3458
69.5783071167709,31.7269,53.2242,51.6292,11.8895,23.8045,23.1398
82.24940435384055,29.6828,48.2079,49.4194,15.6203,21.8993,21.6886
26.98208748115283,24.1119,38.8429,38.5729,3.48939,11.2598,11.69
35.44054429448984,23.6211,40.1739,44.2145,6.11048,13.4733,16.0284
60.24103240415676,26.6442,44.5381,46.2646,8.590580000000001,17.371,18.3137
43.32551540798743,25.8915,41.5101,41.5946,6.45374,17.3862,17.899
69.48057182488253,28.2361,47.0274,46.3912,12.4013,19.1019,18.2273
66.1577695742798,27.4691,43.6229,46.6012,10.9042,17.0398,18.3166
27.92961496097756,24.9121,42.6503,42.4603,5.24334,14.2951,15.4451
77.68972268132433,30.4755,48.0714,49.7436,12.7624,20.7935,21.7121
24.301655151059734,21.0143,35.8328,35.9468,3.64105,9.25183,9.314739999999999
27.610766287212527,21.8238,34.6,33.3709,4.03883,8.3438,7.56769
29.85813687185245,21.8159,34.8267,33.3679,4.04424,8.62916,7.56415
78.76312362559675,28.3529,39.7219,39.6936,10.9449,12.9882,12.7162
86.96469963951643,37.0283,40.1051,42.8599,16.8111,13.0494,14.9266
38.08115293001161,27.1366,34.6882,36.9426,5.01337,10.599,13.5423
48.44758734268818,30.0037,46.5974,48.9202,8.09373,18.6836,19.2221
16.851593626182876,26.2898,42.0837,35.754,4.1898800000000005,13.3822,9.901010000000001
36.87603666663401,26.1554,31.7494,49.7241,4.4894300000000005,5.6816,19.855
94.06723715736784,41.2646,49.5799,51.07,17.5087,19.838,21.078000000000003
27.80446416436769,24.9104,40.9712,43.1114,5.38657,13.3625,14.3682
53.84277802245257,28.4324,45.4239,47.0572,8.60099,17.2827,18.2954
89.379942521316,40.6039,48.0367,48.857,17.6499,19.0139,19.3118
80.28245573016567,33.53,46.9591,48.8799,13.6015,18.3142,19.6035
89.16664517825676,40.9669,48.0207,49.6784,18.2356,18.9894,20.0248
34.17502180356654,20.7408,35.9003,34.6352,5.0018400000000005,10.1266,10.5222
45.62666872567596,21.6732,36.1922,36.329,5.89076,10.6763,11.6941
18.9820294621492,17.9154,33.2352,29.8339,2.50927,8.05971,7.313160000000001
58.07782241861891,23.3585,36.0698,35.7647,7.973330000000001,10.674000000000001,11.2425
77.9994116050457,31.414,39.1184,40.4461,14.599,12.3335,13.9061
21.60023646236094,21.6884,35.5743,37.3972,3.41983,9.144730000000001,10.7923
37.410791104035454,24.2083,37.93,39.4438,6.0246900000000005,12.5981,12.6834
52.96849434791839,25.6579,32.065,39.5938,8.34759,7.18675,12.7318
45.60649709834736,24.0339,39.8805,41.1651,6.073580000000001,13.3167,14.7592
86.35039130028755,36.4977,42.0902,35.6975,16.2533,15.4364,16.433
32.88596693486363,20.6135,39.5079,33.7382,3.46485,11.6924,13.9881
89.09569335656363,29.1017,41.5593,45.2293,11.493,12.7733,15.6854
84.19553858540966,27.4207,40.9868,43.2662,10.1461,12.3519,15.7455
83.85482716048338,28.7074,40.8005,45.4447,11.7707,12.3946,15.9744
92.75271768032472,30.6044,42.0419,45.6237,12.4979,13.1921,16.0537
0.413486513130394,16.5014,30.9446,30.5579,0.9390129999999999,7.4865,7.82498
47.672282191128424,24.4205,41.1587,43.0164,7.63828,14.2211,15.9451
66.83785362165021,31.0773,42.1741,41.2065,14.1477,15.6214,16.0791
89.50754396511732,34.2331,43.7076,45.8191,16.3642,15.8049,17.4272
51.159160484077425,23.8501,41.9103,43.1301,6.629110000000001,14.8424,16.0858
45.234971104293386,20.0831,33.5527,33.0269,5.84034,8.39552,9.77024
4.2259062585834934,15.9448,29.3001,32.9357,1.49195,4.8426,6.899780000000001
69.21976466141753,27.7064,36.8507,40.0229,13.0367,11.0411,12.5471
65.92574750956007,30.4826,24.7814,40.292,15.7041,9.89835,12.7754
83.57087847448041,30.3294,37.3596,39.5294,15.7151,11.5251,12.1463
52.09220274702775,30.1503,41.2127,39.6884,10.5397,15.0872,13.7473
41.5806095018289,28.0975,41.0893,37.054,7.94291,14.9478,12.7388
92.76549969383971,43.8017,42.3557,50.4273,17.4186,18.6612,21.4219
79.3049725247973,34.6471,30.3514,42.2884,13.1056,13.6636,16.8884
96.60836638811291,41.5408,43.7049,50.5384,16.1647,15.3155,21.482
15.646010623938253,17.1808,32.5087,32.1842,0.937716,6.21692,5.56773
0.9590937307846588,16.4282,26.1231,28.6894,0.633666,4.7222800000000005,5.3629
42.88293928199739,20.4907,36.2482,30.1677,4.49678,10.5432,8.22063
86.68446597555989,31.2501,39.6051,39.68,14.4115,11.6065,12.2237
85.51938324967333,28.0618,39.7489,39.3996,11.8693,11.7355,12.1437
15.155945491552615,15.9289,31.6142,33.2515,1.42911,5.65469,6.44416
-2.6704707652936577,14.6228,24.8407,21.7708,0.585006,2.37417,1.29833
50.78013091518942,21.7466,26.7565,28.0028,7.790589999999999,4.45716,4.67013
88.90091080832559,30.3009,37.7822,39.3703,14.3108,11.0371,11.3525
83.9165905801249,29.0481,37.7766,39.2631,13.222999999999999,11.0375,11.2644
50.1950499949139,30.3702,29.8542,35.8087,10.6797,11.7217,17.4928
23.96443025500713,24.570999999999998,39.3187,44.4005,5.60825,11.4917,15.8314
4.0422168205611655,19.8249,25.9399,24.9974,3.6864800000000004,4.7731,6.49273
90.57353164908943,37.5017,47.1808,50.2757,14.3906,17.8078,20.7404
85.47680514395242,42.626999999999995,47.6319,51.0323,19.4589,18.0351,21.3547
24.264535554842425,22.223000000000003,36.6102,36.8478,3.51231,9.95389,9.462489999999999
26.19715675258436,22.2118,35.2617,35.6567,3.4977,8.47511,9.042069999999999
79.48933843378123,33.5025,42.9777,32.4696,13.6455,15.0024,13.9302
89.86096926691971,34.948,43.0306,44.4249,14.4875,15.0453,16.4547
12.09027630713409,20.8356,33.5196,33.9061,2.13753,7.612539999999999,8.147839999999999
40.77959121503742,19.9779,41.9502,41.6299,5.11522,13.6488,14.0817
26.53815167009634,17.5622,37.8508,35.0268,2.52232,10.2093,8.62383
30.494120867413105,18.0669,39.0354,23.3052,4.00054,11.4294,4.32571
10.203884217371623,16.0031,36.5013,33.3078,1.3219,9.36191,8.1232
91.95063665262644,31.6953,43.9251,45.652,13.8192,14.999,16.9483
2.123714449890912,22.4251,23.6955,26.0639,2.49879,8.380889999999999,9.16162
77.15863110925676,35.4947,40.2159,46.1703,12.9521,15.0961,17.7349
63.163193223913105,30.0673,33.4181,42.5525,9.112260000000001,8.0006,15.2967
88.97874465179291,38.0251,45.6041,45.7694,14.6685,16.7812,17.4671
89.11311432558651,38.1319,44.8721,46.9359,15.1971,16.7352,18.3083
2.06994573955808,19.6565,29.3601,23.1766,1.55467,8.03196,6.58748
53.38602308726878,28.5087,33.6519,34.5548,9.12507,8.78175,10.0062
54.228278719259436,29.0811,45.1471,37.5022,9.77138,18.3353,11.8268
42.9878868837842,26.3589,41.5637,37.6991,6.6973899999999995,15.0556,12.6891
93.1726525223324,36.8087,46.108000000000004,47.4177,15.5246,18.7982,19.6672
51.14678795857476,30.2783,47.0681,37.7452,8.40444,18.3868,12.1965
58.36829779970387,32.3288,40.2511,39.5048,9.9157,12.1891,13.9675
75.51313610885299,37.9884,49.2896,46.7294,14.3713,19.6623,19.1768
80.97856471294362,35.8217,49.1118,45.6267,13.3708,19.575,18.9351
45.43009176999172,29.3323,47.2875,36.3717,7.561030000000001,18.5975,10.7814
9.172848965291637,25.3802,35.7457,35.2588,4.8714,11.9294,12.7027
24.550276687069697,26.566,39.8452,37.249,5.8260000000000005,14.4265,13.3814
40.82740893262375,29.8783,44.0755,42.2534,8.24704,17.7535,16.3723
68.94012809379717,36.0087,49.1885,49.9367,13.208,20.7799,21.1418
54.89403305502861,34.5932,49.2978,49.995,10.9217,20.809,21.1899
44.36916536825094,23.5737,42.6526,41.5787,5.85438,13.949000000000002,13.7798
18.556789881861263,20.7802,39.7735,39.1999,3.21385,11.8183,12.4058
61.61355206051792,27.4791,42.5756,38.5429,8.76954,15.1512,12.6602
53.33863303373012,27.0803,30.2954,46.1989,8.73832,6.714289999999999,17.0875
41.5004837067973,23.697,42.5219,43.0214,6.13239,13.7875,14.7339
3.9899297321274494,20.5082,30.3382,28.2186,1.71425,5.710459999999999,4.08026
28.6416813054788,22.4788,39.2016,36.5763,3.5416,11.8542,10.783
79.10126557562356,32.9729,46.7739,48.9857,13.3688,17.5792,19.3354
39.51596003097399,26.0491,44.6975,46.6956,6.330430000000001,15.8252,17.7252
35.28377268835482,24.197,44.4198,42.6854,4.81693,15.5574,14.501
39.15026605459513,22.4789,39.1788,37.3565,6.82256,13.8587,12.1238
62.03606938586668,26.1906,33.9919,37.2924,10.8687,12.2214,12.2605
32.35199159651755,21.1586,34.6548,33.8374,5.14864,10.43,9.30187
90.48320648201602,37.8135,41.6753,38.6476,19.0215,15.5838,15.9639
87.13200975850872,36.4917,43.2474,43.5213,17.6436,16.2368,16.8672
35.29753285082299,23.3353,39.5208,42.8098,5.28064,12.8124,15.0969
42.67265904658458,24.6516,42.9395,47.0395,6.73574,14.7158,18.1146
44.4058792328384,24.9376,44.7035,47.2065,7.049010000000001,16.0072,18.3084
69.11380645344867,28.7053,45.2068,48.6589,10.5976,16.7243,19.1301
90.6524435099648,38.4122,46.4799,48.9768,15.7016,17.4783,19.458
45.647016888304655,27.1717,43.9697,42.9735,8.3192,17.0905,15.732999999999999
29.922136934298038,24.0234,40.6656,43.2174,5.52705,14.6208,15.9249
45.4758307619315,26.811,44.3399,43.1321,7.722119999999999,17.065,15.9015
66.27816725871287,32.7222,37.0093,48.8337,12.8754,11.1175,19.6004
70.80930408862216,39.2491,48.9573,50.1112,15.2663,19.8861,20.4205
-1.1082529152357097,16.8465,27.1124,26.3333,1.1019,5.05209,7.0159199999999995
21.783540362963166,18.7419,31.1155,33.3609,2.24536,6.15252,7.44298
39.151363782926396,22.1476,35.5298,39.5228,6.08329,9.78546,11.7009
91.68359394412971,34.2937,39.6851,42.5705,14.554,12.3257,13.9354
13.22721633992306,17.7616,30.226999999999997,33.0373,1.43321,5.62089,7.304060000000001
39.74998443844475,23.3329,38.6231,42.9403,5.68898,11.1514,13.6421
31.854771416329605,21.7085,29.2968,40.3079,4.6439699999999995,5.2347,11.3378
58.579153497533255,25.2941,32.9309,42.9633,8.35038,8.38974,13.7704
84.86240998510758,28.5885,43.5418,45.6538,11.1715,14.7065,16.1623
92.11972811209948,39.3084,43.7852,45.4348,19.0967,14.9507,15.9549
27.105263013715057,25.2614,40.3702,39.1983,5.31285,12.4713,12.8735
78.75372875067956,34.3249,48.1599,47.7173,12.2889,19.1722,19.0344
78.88860069861875,34.2202,47.7884,48.3881,14.5967,18.9867,19.2242
91.06544871231131,42.3991,48.0145,49.1687,17.3406,19.0002,19.7275
90.65276577955669,42.3162,48.4664,49.1742,17.454,19.3493,19.7307
-4.704922467575841,16.3708,22.8542,27.5512,1.9211,3.94657,7.314830000000001
-1.319223331675488,16.6635,33.8076,34.8177,2.07004,7.908530000000001,8.27718
84.9643934739543,33.4439,42.6933,42.9997,15.1851,14.6183,14.5503
82.8965256470396,34.5414,42.5241,42.8655,16.2405,14.4087,14.469000000000001
61.023275161252,27.1603,42.8344,42.9187,11.2716,14.6258,14.5279
34.504840837255216,21.9087,37.0243,35.3438,6.6208100000000005,11.3059,10.3087
51.2074164132833,26.8636,44.3699,38.5119,11.0997,17.162,12.6756
72.73446650059392,32.1949,46.2928,45.0075,14.9719,18.5808,18.2312
92.97273575768943,42.0686,49.2664,43.0479,18.1053,20.9758,16.893
90.71652681639573,41.2017,49.2758,38.7119,17.2956,20.9864,14.8278
28.35775239242993,24.6234,42.4887,39.3548,4.4319,14.3871,12.2765
46.94702199560922,32.4196,47.0626,29.1727,10.1919,18.2217,13.2487
64.76685627607208,30.7284,46.1871,39.16,10.2628,17.844,13.7044
43.65884393737729,28.7761,46.6441,27.2235,8.2351,17.7012,13.9733
65.94978059951069,31.2714,32.92,48.6725,10.6268,7.38335,19.7762
